objectid,lad17cd,lad17nm,lad17nmw,bng_e,bng_n,long,lat,st_areashape,st_lengthshape
1,E06000001,Hartlepool, ,447157,531476,-1.27023,54.6762,0.0130378165513326,0.879441607281107
2,E06000002,Middlesbrough, ,451141,516887,-1.21099,54.5447,0.00748186637893185,0.535699573291816
3,E06000003,Redcar and Cleveland, ,464359,519597,-1.00611,54.5675,0.0340060636060157,1.26669593611886
4,E06000004,Stockton-on-Tees, ,444937,518183,-1.30669,54.5569,0.0284723017647629,1.42406466146424
5,E06000005,Darlington, ,428029,515649,-1.56835,54.5354,0.0274288113336539,1.31679680567884
6,E06000006,Halton, ,354246,382146,-2.68853,53.3342,0.0106779947771162,0.952772647702665
7,E06000007,Warrington, ,362744,388456,-2.56167,53.3916,0.024410003619198,1.35313607755202
8,E06000008,Blackburn with Darwen, ,369490,422806,-2.4636,53.7008,0.0186506124164251,0.745892667748574
9,E06000009,Blackpool, ,332763,436633,-3.02284,53.8216,0.0047597027675306,0.390391872278732
10,E06000010,"Kingston upon Hull, City of", ,511894,431716,-0.3038,53.7698,0.00973736996772632,0.782075309221197
11,E06000011,East Riding of Yorkshire, ,488051,443608,-0.66203,53.8812,0.32881685993446,6.2049562542684
12,E06000012,North East Lincolnshire, ,523454,404574,-0.13927,53.5234,0.0260146908859837,1.03964922886541
13,E06000013,North Lincolnshire, ,497798,410996,-0.5241,53.5864,0.114869674841748,2.94817488129708
14,E06000014,York, ,460864,452589,-1.07375,53.9658,0.0372360621496661,1.22876718450372
15,E06000015,Derby, ,435609,335375,-1.47189,52.9146,0.0104267744514089,0.602549660441107
16,E06000016,Leicester, ,458946,304594,-1.1304,52.6359,0.00974434282479755,0.607681823426552
17,E06000017,Rutland, ,492992,308655,-0.6263,52.6676,0.052309659833537,1.4634609295889
18,E06000018,Nottingham, ,456082,339969,-1.16667,52.9542,0.00998018770771322,0.699826966473204
19,E06000019,"Herefordshire, County of", ,349434,242834,-2.73931,52.0815,0.286019923458643,4.06408942949404
20,E06000020,Telford and Wrekin, ,367035,313057,-2.48941,52.7142,0.0386378057299925,1.38302152383459
21,E06000021,Stoke-on-Trent, ,389438,346652,-2.15888,53.0171,0.0125146404708893,0.722844725366393
22,E06000022,Bath and North East Somerset, ,366217,161999,-2.48654,51.356,0.0453336503133535,1.6567907057538
23,E06000023,"Bristol, City of", ,359990,174846,-2.57742,51.4711,0.014198259945559,1.27515926407785
24,E06000024,North Somerset, ,347613,166719,-2.75439,51.3971,0.048396146886799,1.77250957850128
25,E06000025,South Gloucestershire, ,367559,183196,-2.46922,51.5467,0.0644111704547894,1.65575937875333
26,E06000026,Plymouth, ,249944,58255,-4.11299,50.4049,0.0100929464983019,1.06836379292888
27,E06000027,Torbay, ,289730,64608,-3.55523,50.4709,0.00796641543749951,0.852522851763006
28,E06000028,Bournemouth, ,410069,93928,-1.85864,50.7449,0.00588732091381608,0.581684367644558
29,E06000029,Poole, ,403393,93466,-1.95327,50.7408,0.00825017465215559,0.84125640396859
30,E06000030,Swindon, ,418551,186564,-1.73367,51.5776,0.0298436135657394,1.17807296666205
31,E06000031,Peterborough, ,517372,300777,-0.26874,52.5921,0.0455643944927687,1.38434114635505
32,E06000032,Luton, ,508606,222559,-0.42319,51.891,0.0056621001445949,0.418620736726344
33,E06000033,Southend-on-Sea, ,587776,186833,0.706906,51.5491,0.00540790868329882,0.543100992690294
34,E06000034,Thurrock, ,562126,181586,0.334902,51.5099,0.0211558900168939,1.11534094806505
35,E06000035,Medway, ,578207,175196,0.563173,51.4477,0.0249914520657336,2.17312012776095
36,E06000036,Bracknell Forest, ,488169,168792,-0.73363,51.4113,0.0141298148275292,0.72448182147169
37,E06000037,West Berkshire, ,450575,172095,-1.27364,51.4456,0.0910858261072546,1.97863739666331
38,E06000038,Reading, ,470226,173154,-0.99071,51.453,0.00522391397271683,0.453671641643696
39,E06000039,Slough, ,498920,179246,-0.57617,51.5035,0.00421358346425946,0.52445797586347
40,E06000040,Windsor and Maidenhead, ,492079,176541,-0.67541,51.4803,0.0256829874663414,1.33166047087846
41,E06000041,Wokingham, ,476624,169902,-0.89935,51.423,0.0231388153069776,0.993179703217469
42,E06000042,Milton Keynes, ,486408,242308,-0.7407,52.0724,0.0404787192859862,1.20947783750723
43,E06000043,Brighton and Hove, ,530279,106849,-0.15079,50.8465,0.0105705987704254,0.692396745766436
44,E06000044,Portsmouth, ,465607,101357,-1.07023,50.808,0.00515050494551,0.695785939413603
45,E06000045,Southampton, ,442253,113608,-1.40025,50.9204,0.00638419722937612,0.666580661024137
46,E06000046,Isle of Wight, ,447186,85950,-1.33362,50.6713,0.0483751527862008,2.19196777028679
47,E06000047,County Durham, ,410381,532242,-1.8405,54.6851,0.311062939582447,3.84144383341572
48,E06000049,Cheshire East, ,380510,363462,-2.29299,53.1679,0.156833792791248,3.50344861123924
49,E06000050,Cheshire West and Chester, ,353097,363145,-2.70298,53.1634,0.123301499721288,3.67014831644507
50,E06000051,Shropshire, ,350227,302960,-2.73667,52.6221,0.424585700620401,6.77067246971328
51,E06000052,Cornwall, ,212501,64494,-4.64249,50.4502,0.44864674430206,12.9032873733947
52,E06000053,Isles of Scilly, ,91327,11447,-6.30217,49.9233,0.00204847542820992,1.2091479459858
53,E06000054,Wiltshire, ,405209,158863,-1.92661,51.3288,0.419737535016433,4.59903755169101
54,E06000055,Bedford, ,505721,256463,-0.45463,52.1963,0.0626170126570091,1.53142848885558
55,E06000056,Central Bedfordshire, ,504615,234492,-0.47754,51.999,0.0936775395015251,2.72005317064429
56,E06000057,Northumberland, ,395323,600699,-2.07521,55.3004,0.710093801282554,7.16053984583774
57,E07000004,Aylesbury Vale, ,477330,223021,-0.87746,51.9004,0.117890152359764,2.83855797015295
58,E07000005,Chiltern, ,495432,198692,-0.62112,51.6789,0.0255258668569623,0.997023982950151
59,E07000006,South Bucks, ,498198,185455,-0.58484,51.5594,0.0183138541147244,0.975610308093825
60,E07000007,Wycombe, ,482477,197052,-0.80883,51.6662,0.042169905240776,1.30142275395734
61,E07000008,Cambridge, ,545420,257901,0.126436,52.2002,0.00535033930491389,0.443842635897779
62,E07000009,East Cambridgeshire, ,555577,275765,0.283163,52.3579,0.0858775032758475,2.77718881383283
63,E07000010,Fenland, ,536361,294959,0.009016,52.5354,0.0724204630439563,2.24957598924153
64,E07000011,Huntingdonshire, ,521010,274271,-0.22467,52.3532,0.120434770106178,2.62408236799175
65,E07000012,South Cambridgeshire, ,543295,247586,0.091017,52.1081,0.118452932560851,3.05305354097746
66,E07000026,Allerdale, ,317516,532995,-3.28096,54.6852,0.175343311871292,4.00493347097783
67,E07000027,Barrow-in-Furness, ,321750,474171,-3.19976,54.1574,0.0107209719459722,1.35996086869733
68,E07000028,Carlisle, ,348444,565195,-2.80705,54.9787,0.145828601592026,3.42334263106353
69,E07000029,Copeland, ,310871,508741,-3.37664,54.4662,0.102125418189853,2.68252424599702
70,E07000030,Eden, ,359636,526396,-2.62678,54.6311,0.299989468808545,3.27505993169859
71,E07000031,South Lakeland, ,349265,489554,-2.78108,54.2991,0.214452801922642,4.57511497660028
72,E07000032,Amber Valley, ,436166,348084,-1.46219,53.0288,0.0355641518397575,1.27081504772487
73,E07000033,Bolsover, ,448666,371548,-1.27228,53.2388,0.0215785422893796,1.10636396750463
74,E07000034,Chesterfield, ,440049,373359,-1.40115,53.2557,0.00889382574106592,0.63266791556396
75,E07000035,Derbyshire Dales, ,419697,358493,-1.70711,53.1233,0.106830761116352,2.83173509232958
76,E07000036,Erewash, ,443721,338063,-1.3509,52.9382,0.0146583666874437,0.879427633135653
77,E07000037,High Peak, ,410474,387660,-1.84398,53.3857,0.0729677357132332,1.86042703535223
78,E07000038,North East Derbyshire, ,437369,362955,-1.44253,53.1624,0.0371058048101218,1.89645444851963
79,E07000039,South Derbyshire, ,431434,325365,-1.53494,52.8249,0.0450988382516577,1.97615725184449
80,E07000040,East Devon, ,313775,96055,-3.22381,50.7576,0.103812465779823,2.52017858347067
81,E07000041,Exeter, ,293236,92003,-3.51372,50.7178,0.0059897571235609,0.538872434170718
82,E07000042,Mid Devon, ,288064,108911,-3.59212,50.8688,0.116606028396782,2.85883147381169
83,E07000043,North Devon, ,265110,132524,-3.92691,51.0761,0.13927599751767,3.43924750468372
84,E07000044,South Hams, ,270677,54033,-3.81994,50.3719,0.112051374696002,5.09649832617398
85,E07000045,Teignbridge, ,283069,80251,-3.65396,50.6102,0.0855942496644296,2.11621178204911
86,E07000046,Torridge, ,244206,114405,-4.21731,50.908,0.125858576451505,3.51976006179445
87,E07000047,West Devon, ,256379,86998,-4.03357,50.6649,0.147596325129371,2.75627306971164
88,E07000048,Christchurch, ,413093,96313,-1.8157,50.7663,0.00642478784552577,0.72797371040226
89,E07000049,East Dorset, ,401685,109966,-1.9774,50.8892,0.0452771790324118,1.5844689890777
90,E07000050,North Dorset, ,381794,113407,-2.26037,50.9198,0.0779120856119322,1.83909082959967
91,E07000051,Purbeck, ,391183,88321,-2.12618,50.6945,0.0514591285214257,2.48648239460479
92,E07000052,West Dorset, ,357765,99663,-2.60061,50.795,0.137942387235797,3.31237016021245
93,E07000053,Weymouth and Portland, ,368175,81510,-2.45134,50.6324,0.00531426125167358,0.801364994471224
94,E07000061,Eastbourne, ,559351,99605,0.258699,50.7741,0.0056266325103497,0.404009866838905
95,E07000062,Hastings, ,581599,110745,0.579429,50.8677,0.00379481394341755,0.411644689924561
96,E07000063,Lewes, ,541474,105685,0.007671,50.8334,0.0373078497490858,1.88767456603696
97,E07000064,Rother, ,578730,119663,0.543064,50.9487,0.0654477333407803,2.0663493031187
98,E07000065,Wealden, ,555048,117173,0.205153,50.9332,0.106837897723172,2.55280804183264
99,E07000066,Basildon, ,571548,190848,0.475055,51.5904,0.0142649729000837,0.822589802275452
100,E07000067,Braintree, ,577253,227335,0.575911,51.9163,0.0799245042172875,1.93212396827729
101,E07000068,Brentwood, ,558560,196070,0.290091,51.6411,0.0198796519122977,0.823309544854625
102,E07000069,Castle Point, ,579490,187921,0.588084,51.5616,0.00583414511324853,0.826256703899452
103,E07000070,Chelmsford, ,572115,206972,0.491163,51.735,0.0445111303582837,1.41449136416814
104,E07000071,Colchester, ,596944,223692,0.859776,51.877,0.0434558013369193,2.42458652401449
105,E07000072,Epping Forest, ,548919,203758,0.154147,51.7128,0.0440736527735124,1.41440823690972
106,E07000073,Harlow, ,545276,209589,0.103888,51.7661,0.00397489610594262,0.336059202914258
107,E07000074,Maldon, ,591460,212199,0.773857,51.7757,0.0466093923989138,3.86894851594351
108,E07000075,Rochford, ,585981,191420,0.683473,51.5909,0.021956749771651,2.10772969376789
109,E07000076,Tendring, ,614203,222163,1.10918,51.8569,0.044047349800579,2.66037630052345
110,E07000077,Uttlesford, ,557832,228865,0.294485,51.9359,0.0837687293668676,1.92073521281026
111,E07000078,Cheltenham, ,394925,222232,-2.07515,51.8986,0.00608328334765458,0.431775076982045
112,E07000079,Cotswold, ,402125,208209,-1.97059,51.7725,0.151857870124143,3.83737290729139
113,E07000080,Forest of Dean, ,367175,212759,-2.47755,51.8125,0.06865965044676,2.16621515010298
114,E07000081,Gloucester, ,384071,216449,-2.23263,51.8464,0.00529116221557942,0.391574021471654
115,E07000082,Stroud, ,378806,202410,-2.3082,51.72,0.0599600566675624,2.01967386417692
116,E07000083,Tewkesbury, ,386347,226279,-2.19998,51.9348,0.0541921973685729,2.41525187736595
117,E07000084,Basingstoke and Deane, ,454508,151423,-1.22021,51.2594,0.0816706260863303,1.69470768227497
118,E07000085,East Hampshire, ,474404,129237,-0.93971,51.0577,0.0660039186232808,1.64206539280469
119,E07000086,Eastleigh, ,447202,116802,-1.32943,50.9487,0.0102079354306673,0.828452724839091
120,E07000087,Fareham, ,453774,106324,-1.23742,50.8539,0.0094832058914678,0.730677965543434
121,E07000088,Gosport, ,458773,101094,-1.16725,50.8064,0.0032357686575164,0.447196020886102
122,E07000089,Hart, ,477985,154240,-0.88321,51.282,0.0277433731595263,0.906988284577686
123,E07000090,Havant, ,470177,108563,-1.004,50.8723,0.00706602585808643,1.08459955562275
124,E07000091,New Forest, ,428999,106521,-1.58936,50.8575,0.0961832283946064,3.02651137348466
125,E07000092,Rushmoor, ,486022,153944,-0.76807,51.2781,0.00503157163485199,0.349178217942025
126,E07000093,Test Valley, ,434930,137329,-1.50214,51.1342,0.0806266884061205,2.14592699984981
127,E07000094,Winchester, ,453115,125901,-1.24393,51.03,0.0847261946056926,1.97780668567067
128,E07000095,Broxbourne, ,534742,204251,-0.05073,51.7208,0.00669395642190768,0.445796473418582
129,E07000096,Dacorum, ,500084,208745,-0.55098,51.7685,0.0276734577402556,1.28315108515605
130,E07000098,Hertsmere, ,519774,199352,-0.26899,51.6802,0.01314104270687,0.716920466845947
131,E07000099,North Hertfordshire, ,522192,230256,-0.22314,51.9574,0.0490843195102817,1.94645932103963
132,E07000102,Three Rivers, ,507313,196418,-0.45005,51.6563,0.0115376629529684,0.863010980830423
133,E07000103,Watford, ,510441,198197,-0.40429,51.6717,0.00278061410000085,0.306108369679526
134,E07000105,Ashford, ,597640,140644,0.823374,51.131,0.0745119460561289,1.71765465499322
135,E07000106,Canterbury, ,616026,158096,1.09626,51.281,0.0397698396296089,1.56801329941917
136,E07000107,Dartford, ,556167,172917,0.245276,51.4337,0.00940381327519554,0.646728358530455
137,E07000108,Dover, ,628967,150940,1.27693,51.2117,0.0404958229607473,1.58495422925593
138,E07000109,Gravesham, ,566969,169115,0.398744,51.3965,0.0127923529382105,0.682306903188658
139,E07000110,Maidstone, ,580489,151670,0.584061,51.2357,0.0506053192161371,1.43907765036278
140,E07000111,Sevenoaks, ,552776,155218,0.188936,51.2756,0.0476999436267742,1.51389142724648
141,E07000112,Shepway, ,610318,134597,1.0008,51.0722,0.0457180039039824,1.71255475271419
142,E07000113,Swale, ,593761,161976,0.77953,51.3239,0.0482688444512286,2.89698228704013
143,E07000114,Thanet, ,631844,166753,1.3283,51.3525,0.0133273977440467,0.684436047651245
144,E07000115,Tonbridge and Malling, ,564014,153898,0.349306,51.2606,0.030921537699267,1.53259008521315
145,E07000116,Tunbridge Wells, ,573139,136599,0.471632,51.1025,0.04251934525514,1.75964344045666
146,E07000117,Burnley, ,384886,430882,-2.2308,53.7741,0.0150934812360797,0.686739294933352
147,E07000118,Chorley, ,359189,419724,-2.61921,53.6724,0.0275686226827817,1.19311487581218
148,E07000119,Fylde, ,339562,433812,-2.91902,53.7971,0.0225996480203625,1.31437220454014
149,E07000120,Hyndburn, ,374407,428971,-2.38964,53.7565,0.00994984574485082,0.505651634014945
150,E07000121,Lancaster, ,356896,464988,-2.6603,54.079,0.0791012825219008,3.78490790679581
151,E07000122,Pendle, ,387637,443368,-2.18957,53.8864,0.0231419993010003,0.963162984137196
152,E07000123,Preston, ,352820,436429,-2.71817,53.822,0.0194165224336111,0.961424984764703
153,E07000124,Ribble Valley, ,372687,447676,-2.4174,53.9245,0.079935920129975,1.83204488259376
154,E07000125,Rossendale, ,382827,420955,-2.26149,53.6848,0.018782381816518,0.847766234429536
155,E07000126,South Ribble, ,352016,425840,-2.72873,53.7267,0.0153878882535759,1.1679658207882
156,E07000127,West Lancashire, ,342611,413268,-2.86893,53.6128,0.0470799433209723,1.80070554127638
157,E07000128,Wyre, ,347227,445159,-2.80462,53.8999,0.0385650716799283,2.27266253474245
158,E07000129,Blaby, ,454385,297994,-1.19887,52.5771,0.0173018545779226,1.17804391439526
159,E07000130,Charnwood, ,458365,316155,-1.13694,52.7399,0.0371374739963337,1.36529925083369
160,E07000131,Harborough, ,474549,293875,-0.90229,52.5377,0.0785362960880992,2.12958160148787
161,E07000132,Hinckley and Bosworth, ,439538,301379,-1.41755,52.6088,0.0394714459044225,1.34687503684544
162,E07000133,Melton, ,477328,323472,-0.8544,52.8033,0.0641507749589536,1.61243084666276
163,E07000134,North West Leicestershire, ,439111,316252,-1.42209,52.7425,0.0371932945343632,1.38621431661733
164,E07000135,Oadby and Wigston, ,461543,299379,-1.093,52.5887,0.00311947056516475,0.359159974977257
165,E07000136,Boston, ,526851,343953,-0.11218,52.9779,0.0488066271797212,1.86935838644441
166,E07000137,East Lindsey, ,534862,376106,0.020549,53.2648,0.237613493511933,3.64733236016066
167,E07000138,Lincoln, ,496347,370096,-0.55848,53.2192,0.00479768907476844,0.411549728959927
168,E07000139,North Kesteven, ,502135,354788,-0.4767,53.0806,0.123722105450015,2.17480415593446
169,E07000140,South Holland, ,532909,322928,-0.03058,52.7876,0.100011881478046,2.31047770595355
170,E07000141,South Kesteven, ,501406,328986,-0.49565,52.8489,0.125774011522879,2.46805710197609
171,E07000142,West Lindsey, ,499314,390326,-0.50774,53.4004,0.156128830268454,3.04546679457514
172,E07000143,Breckland, ,591015,303330,0.818716,52.5942,0.172980773436157,2.82787412147989
173,E07000144,Broadland, ,619865,315909,1.25233,52.6962,0.0733768220501887,2.422418004403
174,E07000145,Great Yarmouth, ,646760,315882,1.6495,52.6844,0.0231335236264629,1.58556660142702
175,E07000146,King's Lynn and West Norfolk, ,571220,315805,0.533258,52.7128,0.191307474436338,5.01484538326702
176,E07000147,North Norfolk, ,611083,330845,1.13219,52.8338,0.128495583880507,4.28379476817728
177,E07000148,Norwich, ,622355,309773,1.28498,52.6401,0.00517431444861921,0.626554511334213
178,E07000149,South Norfolk, ,628991,295823,1.37325,52.5122,0.120063399181618,3.07236643459622
179,E07000150,Corby, ,487862,290681,-0.7069,52.507,0.0106252870796473,0.797515196436901
180,E07000151,Daventry, ,467286,268437,-1.01447,52.3099,0.0877579731234721,2.10014302792042
181,E07000152,East Northamptonshire, ,501344,287839,-0.5092,52.4791,0.0674043482822532,1.90823938886606
182,E07000153,Kettering, ,483866,282852,-0.76773,52.4372,0.0308593449098677,1.16282660004104
183,E07000154,Northampton, ,476495,260539,-0.88121,52.2378,0.0106254261869793,0.551227982096939
184,E07000155,South Northamptonshire, ,463000,247077,-1.08129,52.1184,0.0832363512783726,2.6426032126213
185,E07000156,Wellingborough, ,487787,266827,-0.71425,52.2926,0.0214874136974734,0.77483556670805
186,E07000163,Craven, ,389513,461989,-2.16168,54.0538,0.161909770901392,2.41628111184051
187,E07000164,Hambleton, ,443009,490546,-1.34049,54.3087,0.180969571838368,3.5979146418501
188,E07000165,Harrogate, ,427473,464652,-1.58161,54.0771,0.179719338163272,3.05101537909152
189,E07000166,Richmondshire, ,401039,495786,-1.98552,54.3576,0.182334311538271,2.79289779103857
190,E07000167,Ryedale, ,475590,478890,-0.84277,54.2002,0.20753514326685,3.03165738480587
191,E07000168,Scarborough, ,495797,495547,-0.5278,54.3465,0.112895483610977,2.94513571379405
192,E07000169,Selby, ,457551,426670,-1.12908,53.7333,0.0817305945608275,3.23865734138341
193,E07000170,Ashfield, ,450035,355843,-1.25422,53.0975,0.0146999876516613,0.800687285824673
194,E07000171,Bassetlaw, ,468073,384835,-0.9787,53.356,0.0860623951774242,1.92327009157545
195,E07000172,Broxtowe, ,449829,341893,-1.25944,52.9721,0.0107249708047207,0.756167627629191
196,E07000173,Gedling, ,459184,347811,-1.11907,53.0243,0.0160733198448303,0.826945401208687
197,E07000174,Mansfield, ,455047,363637,-1.17804,53.167,0.0103063295751293,0.619308710645726
198,E07000175,Newark and Sherwood, ,470624,357451,-0.94643,53.1096,0.08746246536097,2.23515919930876
199,E07000176,Rushcliffe, ,466606,335453,-1.01097,52.9124,0.054671572048834,1.47326991156366
200,E07000177,Cherwell, ,449301,221201,-1.28506,51.8872,0.0770052570363228,2.60720046301643
201,E07000178,Oxford, ,452277,206368,-1.24405,51.7536,0.00594046877355492,0.407309592571444
202,E07000179,South Oxfordshire, ,463890,191964,-1.07847,51.6229,0.0881063270931975,2.3974295667611
203,E07000180,Vale of White Horse, ,435693,195197,-1.48543,51.6544,0.0751573482587891,2.02901809325091
204,E07000181,West Oxfordshire, ,434343,215816,-1.50292,51.8399,0.093201955235306,1.8473997518255
205,E07000187,Mendip, ,362238,144090,-2.54178,51.1948,0.0951374459288045,2.32698946641642
206,E07000188,Sedgemoor, ,338426,143997,-2.88251,51.1918,0.0725748696646706,2.8330536372038
207,E07000189,South Somerset, ,345633,120798,-2.77588,50.984,0.122826423908933,2.77130708572485
208,E07000190,Taunton Deane, ,318327,123470,-3.16542,51.0048,0.0592344470138157,2.07324140334167
209,E07000191,West Somerset, ,294768,136702,-3.50494,51.1199,0.093379580249989,2.16846357010941
210,E07000192,Cannock Chase, ,401261,311553,-1.98277,52.7017,0.0104955148428268,0.578805160158278
211,E07000193,East Staffordshire, ,412601,326569,-1.81438,52.8365,0.052060391072594,2.18251919994081
212,E07000194,Lichfield, ,416283,310967,-1.76049,52.6962,0.0440444565208639,1.53124674711643
213,E07000195,Newcastle-under-Lyme, ,378199,345174,-2.32631,53.0034,0.0282453708787059,1.2278160911269
214,E07000196,South Staffordshire, ,389625,311037,-2.15495,52.6969,0.0540814205158194,2.15546149935805
215,E07000197,Stafford, ,389001,327836,-2.16475,52.8479,0.0798261221206856,1.84246042144639
216,E07000198,Staffordshire Moorlands, ,400543,352443,-1.99334,53.0692,0.0772496514022399,1.76569066370654
217,E07000199,Tamworth, ,421455,302550,-1.68451,52.6203,0.00409758869019468,0.367994755378961
218,E07000200,Babergh, ,599994,244657,0.916231,52.0642,0.0779543992622696,2.23804673582123
219,E07000201,Forest Heath, ,572316,273586,0.527606,52.3333,0.0498154419466942,1.74549178874587
220,E07000202,Ipswich, ,616954,244670,1.16327,52.0579,0.00517627106020972,0.524411088334463
221,E07000203,Mid Suffolk, ,611646,262338,1.09695,52.2186,0.114545510547947,2.27651486537365
222,E07000204,St Edmundsbury, ,582672,265927,0.675273,52.2612,0.0863915610305356,2.385340658541
223,E07000205,Suffolk Coastal, ,633247,258767,1.41014,52.1778,0.117024794212462,4.45022865702213
224,E07000206,Waveney, ,642301,287890,1.56324,52.4352,0.0488400652239967,1.82988786761692
225,E07000207,Elmbridge, ,511882,163658,-0.39441,51.361,0.0124284975264215,0.603231009815826
226,E07000208,Epsom and Ewell, ,521176,161475,-0.26172,51.3395,0.00440156437481703,0.315862745329185
227,E07000209,Guildford, ,500408,151481,-0.56257,51.2537,0.0348951528221709,1.46533899393244
228,E07000210,Mole Valley, ,518377,148953,-0.30603,51.2275,0.0332327681757684,1.18511263961015
229,E07000211,Reigate and Banstead, ,525786,152574,-0.19871,51.2585,0.0166269528888384,0.896264612145781
230,E07000212,Runnymede, ,501777,166979,-0.53855,51.3927,0.0100822475007279,0.526346966715177
231,E07000213,Spelthorne, ,507012,169622,-0.46254,51.4155,0.00661363959167223,0.516160666475115
232,E07000214,Surrey Heath, ,491362,160483,-0.68986,51.3361,0.0122683770966695,0.633792384122765
233,E07000215,Tandridge, ,536365,150325,-0.04805,51.2358,0.0319384505109369,0.913696904861345
234,E07000216,Waverley, ,496363,140635,-0.62343,51.1569,0.0443563820367635,1.45353167486228
235,E07000217,Woking, ,499087,157542,-0.57982,51.3084,0.00819620548910463,0.63926836327804
236,E07000218,North Warwickshire, ,425570,296399,-1.6242,52.5648,0.037676009942759,1.35311617458312
237,E07000219,Nuneaton and Bedworth, ,435419,289352,-1.47965,52.5009,0.010456007118843,0.580482341787421
238,E07000220,Rugby, ,446498,276244,-1.31828,52.3823,0.0466810529361631,1.33953823711005
239,E07000221,Stratford-on-Avon, ,425019,251536,-1.63565,52.1615,0.12853930264712,3.01107406160656
240,E07000222,Warwick, ,428484,267113,-1.58369,52.3014,0.037292263237512,1.35153336878214
241,E07000223,Adur, ,518065,106473,-0.32433,50.8457,0.00535535081775486,0.663128112639863
242,E07000224,Arun, ,495145,105724,-0.64998,50.8432,0.028202805124181,1.77694955278947
243,E07000225,Chichester, ,490285,116600,-0.7163,50.9418,0.100587341547551,2.73203663985223
244,E07000226,Crawley, ,526390,137581,-0.19533,51.1236,0.00577453691677975,0.453641236432359
245,E07000227,Horsham, ,513676,123839,-0.38123,51.0027,0.0679047340349838,2.39920617948329
246,E07000228,Mid Sussex, ,533054,130623,-0.10272,51.0595,0.0427916146736505,1.48208375837898
247,E07000229,Worthing, ,512679,104948,-0.40127,50.8331,0.00414872876526332,0.335520523179059
248,E07000234,Bromsgrove, ,399840,273736,-2.00376,52.3617,0.0286439625156164,1.32226829459471
249,E07000235,Malvern Hills, ,377465,252197,-2.33089,52.1676,0.0758628316778654,2.65754434254411
250,E07000236,Redditch, ,403705,265253,-1.9471,52.2854,0.00714971908025841,0.479970526502297
251,E07000237,Worcester, ,385725,255196,-2.21025,52.1948,0.00437840565478864,0.363787655308352
252,E07000238,Wychavon, ,398991,247839,-2.01614,52.1289,0.0871816747726803,2.55254634785623
253,E07000239,Wyre Forest, ,384106,276388,-2.23494,52.3853,0.0258032500014004,1.17910193660181
254,E07000240,St Albans, ,514580,209623,-0.3407,51.7736,0.0210021050279832,0.846298148780175
255,E07000241,Welwyn Hatfield, ,525345,208467,-0.18518,51.7609,0.0168597019845949,0.95035937108752
256,E07000242,East Hertfordshire, ,537995,220370,0.002739,51.8648,0.0620703155598921,1.56165656497667
257,E07000243,Stevenage, ,524622,224531,-0.18987,51.9054,0.003388104989444,0.328716808735602
258,E08000001,Bolton, ,368352,409873,-2.47952,53.5845,0.0189723251313792,0.981707714759114
259,E08000002,Bury, ,379658,410768,-2.3088,53.5931,0.0135017547027884,0.796802604388908
260,E08000003,Manchester, ,384591,397063,-2.23359,53.4701,0.0156418694125956,1.01499990705611
261,E08000004,Oldham, ,396603,406784,-2.05274,53.5577,0.0193065098027298,0.86002741343074
262,E08000005,Rochdale, ,390315,412326,-2.14784,53.6074,0.021484459916459,0.972102384660112
263,E08000006,Salford, ,374556,398128,-2.38485,53.4793,0.013158546869179,0.788994060541272
264,E08000007,Stockport, ,391806,388264,-2.12467,53.3912,0.0170334480432348,0.865387345008151
265,E08000008,Tameside, ,394987,397995,-2.077,53.4787,0.0139683815386319,0.668681670103648
266,E08000009,Trafford, ,375790,391162,-2.36572,53.4167,0.0143355214542682,0.739001524426748
267,E08000010,Wigan, ,362136,402126,-2.57247,53.5145,0.0255035880387369,1.04903873410608
268,E08000011,Knowsley, ,344762,393778,-2.83297,53.4379,0.0117017569648974,0.809422879560315
269,E08000012,Liverpool, ,339361,390553,-2.91364,53.4083,0.0151131615184437,0.74387347548513
270,E08000013,St. Helens, ,353412,395992,-2.7031,53.4586,0.0184612791155453,0.909245489137814
271,E08000014,Sefton, ,334264,398832,-2.99204,53.4821,0.0210124590139,1.35915802297688
272,E08000015,Wirral, ,329242,386937,-3.06502,53.3745,0.0212066510738194,0.892056047066498
273,E08000016,Barnsley, ,429979,403327,-1.54925,53.5258,0.0446235051174632,1.56995979755795
274,E08000017,Doncaster, ,459167,403735,-1.10894,53.527,0.0770232183009564,2.08205742940391
275,E08000018,Rotherham, ,447542,388980,-1.28651,53.3955,0.0387212803573339,1.26971705284077
276,E08000019,Sheffield, ,430511,389736,-1.54254,53.4036,0.0497219674273896,1.60794307414402
277,E08000021,Newcastle upon Tyne, ,422287,569662,-1.65297,55.021,0.0159343791683655,0.817005914787598
278,E08000022,North Tyneside, ,431471,570602,-1.50923,55.029,0.0115654934970689,0.79933182590931
279,E08000023,South Tyneside, ,435503,564057,-1.44696,54.9699,0.009037896270771,0.622410978161639
280,E08000024,Sunderland, ,436470,551525,-1.43344,54.8572,0.0192367856767637,1.21737154185034
281,E08000025,Birmingham, ,408150,287352,-1.88141,52.484,0.0354418164770094,1.25558216263709
282,E08000026,Coventry, ,432807,279689,-1.51908,52.4142,0.0130328865933265,0.642745025354056
283,E08000027,Dudley, ,393191,288584,-2.10171,52.4951,0.0129619598602091,0.842471616103666
284,E08000028,Sandwell, ,399573,290764,-2.00771,52.5148,0.0113368012239065,0.701048992827143
285,E08000029,Solihull, ,419434,281483,-1.71558,52.431,0.0235576019539018,1.17572572976057
286,E08000030,Walsall, ,402098,300804,-1.97044,52.605,0.0137999462676023,0.704679469370115
287,E08000031,Wolverhampton, ,391463,300016,-2.12746,52.5979,0.00921206975999292,0.654478847483346
288,E08000032,Bradford, ,408395,438626,-1.87389,53.8438,0.0500387196486751,1.63555747638885
289,E08000033,Calderdale, ,402617,424896,-1.96182,53.7205,0.0495664101355668,1.31105402614836
290,E08000034,Kirklees, ,414586,416223,-1.78085,53.6423,0.0555036640987375,1.53578996866413
291,E08000035,Leeds, ,432528,436384,-1.50736,53.8227,0.0753227470852373,1.97360539542044
292,E08000036,Wakefield, ,438366,418235,-1.42092,53.6592,0.0460427320156937,1.33775555620965
293,E08000037,Gateshead, ,420168,559658,-1.6868,54.9312,0.019960627166316,1.11017371832897
294,E09000001,City of London, ,532382,181358,-0.09351,51.5156,0.00037521327766923,0.109873690624666
295,E09000002,Barking and Dagenham, ,547759,185107,0.129506,51.5455,0.00467819161608926,0.458290642051889
296,E09000003,Barnet, ,523472,191753,-0.21821,51.6111,0.0112649649456877,0.578050228402187
297,E09000004,Bexley, ,549202,175433,0.146212,51.4582,0.00783502234264279,0.509825964591697
298,E09000005,Brent, ,519615,186468,-0.27568,51.5644,0.00560267869966427,0.45638045162849
299,E09000006,Bromley, ,542036,165708,0.039246,51.3727,0.0193780960847023,0.858785714479997
300,E09000007,Camden, ,527492,184284,-0.16289,51.5431,0.00282590764529214,0.301077131782179
301,E09000008,Croydon, ,533922,164745,-0.07761,51.366,0.0111666885591105,0.666239432718991
302,E09000009,Ealing, ,517057,181960,-0.31407,51.5244,0.0071935450815674,0.580764793160972
303,E09000010,Enfield, ,532829,196197,-0.08147,51.6489,0.0106718523040943,0.497516225273471
304,E09000011,Greenwich, ,542508,175881,0.050108,51.464,0.00611955227443381,0.548189433017494
305,E09000012,Hackney, ,534560,185787,-0.06045,51.5549,0.0024694475883104,0.300074111621351
306,E09000013,Hammersmith and Fulham, ,523866,177998,-0.21736,51.4874,0.00212059926805029,0.265771144773839
307,E09000014,Haringey, ,531262,189349,-0.10667,51.5877,0.00383937459447001,0.350011448917013
308,E09000015,Harrow, ,515356,189736,-0.33603,51.5947,0.0065450122136743,0.397246296657315
309,E09000016,Havering, ,555032,187514,0.235368,51.5652,0.0145604516480827,0.734138451444793
310,E09000017,Hillingdon, ,508166,183120,-0.44182,51.5366,0.0149975966648009,0.717381108485814
311,E09000018,Hounslow, ,512744,174965,-0.37844,51.4624,0.00724129137100157,0.720192336090383
312,E09000019,Islington, ,531158,184647,-0.10992,51.5455,0.00192270125269567,0.235052248844743
313,E09000020,Kensington and Chelsea, ,525757,179053,-0.18976,51.4964,0.00157150692818722,0.241395945486491
314,E09000021,Kingston upon Thames, ,519508,167389,-0.28367,51.393,0.00481388051029247,0.404644671225164
315,E09000022,Lambeth, ,531118,175626,-0.11385,51.4644,0.00346542062678348,0.373229260849372
316,E09000023,Lewisham, ,537889,173344,-0.01733,51.4423,0.00454980744196907,0.47440505964591
317,E09000024,Merton, ,526069,169507,-0.18867,51.4106,0.00486162044842047,0.381967619601139
318,E09000025,Newham, ,540721,183327,0.027369,51.5313,0.00468870540665993,0.40229709256485
319,E09000026,Redbridge, ,543512,189478,0.070085,51.5859,0.00731544799070591,0.550043048160087
320,E09000027,Richmond upon Thames, ,519005,172648,-0.28914,51.4403,0.00741732331292973,0.788459171246144
321,E09000028,Southwark, ,533945,175863,-0.07309,51.4659,0.00373173430368311,0.379424661017122
322,E09000029,Sutton, ,527356,163640,-0.17227,51.3576,0.00565770201437875,0.456635931609486
323,E09000030,Tower Hamlets, ,536345,181451,-0.0364,51.5155,0.00256155777855085,0.322532271967966
324,E09000031,Waltham Forest, ,537327,190277,-0.01881,51.5946,0.00503549859026364,0.366498307575527
325,E09000032,Wandsworth, ,525152,174137,-0.20021,51.4524,0.00443093018191646,0.456190758200464
326,E09000033,Westminster, ,528268,180871,-0.15295,51.5122,0.00277872471491798,0.310956829686393
327,N09000001,Antrim and Newtownabbey, ,130813,541285,-6.1776,54.6939,0.101343128697919,2.02224094996188
328,N09000002,"Armagh City, Banbridge and Craigavon", ,112110,508158,-6.43455,54.3867,0.198321859562185,2.95720884698226
329,N09000003,Belfast, ,146465,529747,-5.92535,54.5985,0.0191203258046781,0.798628472039173
330,N09000004,Causeway Coast and Glens, ,106168,581420,-6.5996,55.0396,0.278681144561326,4.46190027038314
331,N09000005,Derry City and Strabane, ,51779,559566,-7.42064,54.809,0.174429382867769,3.31232271385777
332,N09000006,Fermanagh and Omagh, ,41233,513013,-7.5271,54.3852,0.41600053921696,5.2153661693926
333,N09000007,Lisburn and Castlereagh, ,138712,518920,-6.03545,54.4975,0.0707073758320414,2.03801183323514
334,N09000008,Mid and East Antrim, ,133943,560151,-6.14645,54.8646,0.148346090110972,2.79948491661391
335,N09000009,Mid Ulster, ,83920,528564,-6.8889,54.5527,0.271703564661281,3.77402979394679
336,N09000010,"Newry, Mourne and Down", ,133006,480432,-6.08891,54.1495,0.231530505610286,4.40268971406548
337,N09000011,Ards and North Down, ,164321,524944,-5.64568,54.5641,0.07834527638693,2.03374923668953
338,S12000005,Clackmannanshire, ,291159,696335,-3.75344,56.1472,0.022979378502019,1.20017907799396
339,S12000006,Dumfries and Galloway, ,270645,579857,-4.02863,55.0962,0.905462541905353,13.0243537816563
340,S12000008,East Ayrshire, ,255398,624935,-4.29057,55.4967,0.180487508749724,4.14737049048205
341,S12000010,East Lothian, ,354854,672351,-2.72435,55.9421,0.0976702871864,2.50775446130416
342,S12000011,East Renfrewshire, ,251929,653115,-4.3606,55.7487,0.0249248127438311,1.17528365505446
343,S12000013,Na h-Eileanan Siar, ,126473,932862,-6.65722,58.1994,0.468576120257473,46.1314367293601
344,S12000014,Falkirk, ,289661,679536,-3.7706,55.996,0.0428017621044973,1.88081135134354
345,S12000015,Fife, ,339197,704726,-2.98235,56.2312,0.191954919801841,4.35933536049213
346,S12000017,Highland, ,241026,858306,-4.66091,57.5867,3.9258132835011,62.8131846560558
347,S12000018,Inverclyde, ,227922,670899,-4.75387,55.9003,0.0232456462746585,1.00830955544714
348,S12000019,Midlothian, ,330088,659217,-3.11738,55.8211,0.0509397806689086,1.59553674479082
349,S12000020,Moray, ,328024,843593,-3.20187,57.4768,0.335028804904839,5.65854365404542
350,S12000021,North Ayrshire, ,228984,651640,-4.72479,55.7279,0.126295442850656,4.0874610820672
351,S12000023,Orkney Islands, ,348291,1006584,-2.90028,58.9433,0.158546905151314,14.8104878066607
352,S12000024,Perth and Kinross, ,284304,744186,-3.8848,56.5753,0.786586347728494,8.04401444509281
353,S12000026,Scottish Borders, ,345891,626135,-2.85866,55.5259,0.675173632405435,6.29194853978387
354,S12000027,Shetland Islands, ,434516,1180307,-1.37344,60.505,0.239073651257093,27.8183257239086
355,S12000028,South Ayrshire, ,226544,596270,-4.72901,55.2301,0.172928844857062,3.86961854172461
356,S12000029,South Lanarkshire, ,284634,636071,-3.83272,55.6045,0.25289207199583,3.53864678549816
357,S12000030,Stirling, ,255980,708769,-4.32595,56.2495,0.326421335149475,4.29346773442182
358,S12000033,Aberdeen City, ,387763,808478,-2.20398,57.167,0.0275672541356828,1.59061984878655
359,S12000034,Aberdeenshire, ,352286,816276,-2.79205,57.2347,0.940035071629918,9.81603146566492
360,S12000035,Argyll and Bute, ,200740,715442,-5.22114,56.2894,1.01116898527571,42.8750694224564
361,S12000036,City of Edinburgh, ,320193,669416,-3.27826,55.9112,0.0378497804335575,1.39258617187281
362,S12000038,Renfrewshire, ,239305,664698,-4.56834,55.8486,0.0374839256761888,1.66215584758777
363,S12000039,West Dunbartonshire, ,242904,681587,-4.52074,56.0014,0.0255066767617336,1.2371198170633
364,S12000040,West Lothian, ,299483,668514,-3.60909,55.8992,0.0615621870412169,1.73416192332531
365,S12000041,Angus, ,345518,759594,-2.89189,56.7248,0.320672653150095,4.06969526659346
366,S12000042,Dundee City, ,340291,732145,-2.97095,56.4776,0.00872695757979737,0.64617783039707
367,S12000044,North Lanarkshire, ,277984,665608,-3.9514,55.8681,0.067772247950898,2.11983234467736
368,S12000045,East Dunbartonshire, ,261240,676154,-4.22417,55.9583,0.0250884847552293,1.26246508900198
369,S12000046,Glasgow City, ,261534,667033,-4.21479,55.8765,0.0250601072499211,1.74029146459182
370,W06000001,Isle of Anglesey,Ynys Môn,245222,378346,-4.32291,53.2794,0.0962527194740215,4.08125156316596
371,W06000002,Gwynedd,Gwynedd,277968,334967,-3.81559,52.8983,0.340247050872713,6.79163904133391
372,W06000003,Conwy,Conwy,283293,362562,-3.74646,53.1474,0.151787201636099,3.29205866517175
373,W06000004,Denbighshire,Sir Ddinbych,309843,355416,-3.34761,53.0883,0.112499648153627,2.76192869433382
374,W06000005,Flintshire,Sir y Fflint,321564,369303,-3.17605,53.215,0.0588580616721031,2.42124304966269
375,W06000006,Wrexham,Wrecsam,333523,345387,-2.99203,53.0017,0.0674255893594381,2.28733246510008
376,W06000008,Ceredigion,Ceredigion,267126,268437,-3.94994,52.298,0.235440832604048,4.22247125132764
377,W06000009,Pembrokeshire,Sir Benfro,199821,221391,-4.90818,51.8551,0.211043030522689,7.96484813627217
378,W06000010,Carmarthenshire,Sir Gaerfyrddin,247954,224133,-4.2111,51.895,0.309628497879307,6.46019158900683
379,W06000011,Swansea,Abertawe,264022,197308,-3.96723,51.6581,0.0492890989214134,3.04016737001849
380,W06000012,Neath Port Talbot,Castell-nedd Port Talbot,279261,195412,-3.74638,51.6445,0.0574860636335262,1.99058285806285
381,W06000013,Bridgend,Pen-y-bont ar Ogwr,288242,185868,-3.61359,51.5606,0.0325074904450708,1.04975871213724
382,W06000014,Vale of Glamorgan,Bro Morgannwg,302946,173083,-3.39803,51.4484,0.0428280346324568,1.29145341809063
383,W06000015,Cardiff,Caerdydd,315270,178887,-3.22212,51.5025,0.0184358954110767,0.927821039901764
384,W06000016,Rhondda Cynon Taf,Rhondda Cynon Taf,302237,192395,-3.41359,51.6218,0.055093247710887,1.46788576653407
385,W06000018,Caerphilly,Caerffili,317245,195259,-3.19753,51.65,0.0360317487053651,1.30236500856373
386,W06000019,Blaenau Gwent,Blaenau Gwent,318236,206771,-3.18592,51.7536,0.0141598832040108,0.760185859219118
387,W06000020,Torfaen,Torfaen,327459,200480,-3.05101,51.6984,0.0164149756270519,0.92873129519432
388,W06000021,Monmouthshire,Sir Fynwy,337812,209231,-2.9028,51.7783,0.110743047159045,2.59062403298047
389,W06000022,Newport,Casnewydd,337897,187433,-2.89769,51.5823,0.0247109319909943,1.79374556614484
390,W06000023,Powys,Powys,302328,273254,-3.43533,52.3486,0.685025793980726,7.09903335612928
391,W06000024,Merthyr Tydfil,Merthyr Tudful,305916,206424,-3.36425,51.7486,0.0145684093316556,0.73019473154108
